INSERT INTO person (_name) VALUES ('DELETED');
INSERT INTO _user (person_id) VALUES (1);
INSERT INTO person (_name) VALUES ('AUTO');
INSERT INTO _user (person_id) VALUES (2);
INSERT INTO person (_name) VALUES ('UNAUTHORIZED');
INSERT INTO _user (person_id) VALUES (3);
INSERT INTO person (_name) VALUES ('Аид');
INSERT INTO _user (person_id) VALUES (4);
INSERT INTO person (_name) VALUES ('Персефона');
INSERT INTO _user (person_id) VALUES (5);
INSERT INTO person (_name) VALUES ('Эак');
INSERT INTO _user (person_id) VALUES (6);
INSERT INTO person (_name) VALUES ('Радамант');
INSERT INTO _user (person_id) VALUES (7);
INSERT INTO person (_name) VALUES ('Минос');
INSERT INTO _user (person_id) VALUES (8);
INSERT INTO _level (_name) VALUES ('Тартар');
INSERT INTO _level (_name) VALUES ('Асфоделевый луг');
INSERT INTO _level (_name) VALUES ('Элизиум');
INSERT INTO _location (_name, level_id) VALUES ('Река страданий', 1);
INSERT INTO _location (_name, level_id) VALUES ('Лес ужаса', 1);
INSERT INTO _location (_name, level_id) VALUES ('Озеро страха', 1);
INSERT INTO _location (_name, level_id) VALUES ('Пещера мучений', 1);
INSERT INTO _location (_name, level_id) VALUES ('Море пыток', 1);
INSERT INTO _location (_name, level_id) VALUES ('Поле сомнений', 2);
INSERT INTO _location (_name, level_id) VALUES ('Река печали', 2);
INSERT INTO _location (_name, level_id) VALUES ('Лес разочарований', 2);
INSERT INTO _location (_name, level_id) VALUES ('Степь тоски', 2);
INSERT INTO _location (_name, level_id) VALUES ('Болото горечи', 2);
INSERT INTO _location (_name, level_id) VALUES ('Лес сказок', 3);
INSERT INTO _location (_name, level_id) VALUES ('Поле чудес', 3);
INSERT INTO _location (_name, level_id) VALUES ('Море радости', 3);
INSERT INTO _location (_name, level_id) VALUES ('Озеро спокойствия', 3);
INSERT INTO _location (_name, level_id) VALUES ('Дорога добра', 3);
INSERT INTO person (_name) VALUES ('Алекто');
INSERT INTO monster (person_id, location_id, motherland_id) VALUES (9, 2, 4);
INSERT INTO person (_name) VALUES ('Мегера');
INSERT INTO monster (person_id, location_id, motherland_id) VALUES (10, 1, 4);
INSERT INTO person (_name) VALUES ('Тисифона');
INSERT INTO monster (person_id, location_id, motherland_id) VALUES (11, 3, 3);
INSERT INTO person (_name) VALUES ('Лернейская Гидра');
INSERT INTO monster (person_id, location_id, motherland_id) VALUES (12, 3, 1);
INSERT INTO person (_name) VALUES ('Ехидна');
INSERT INTO monster (person_id, location_id, motherland_id) VALUES (13, 4, 1);
INSERT INTO person (_name) VALUES ('Герион');
INSERT INTO monster (person_id, location_id, motherland_id) VALUES (14, 3, 2);
INSERT INTO person (_name) VALUES ('Пифон');
INSERT INTO monster (person_id, location_id, motherland_id) VALUES (15, 1, 4);
INSERT INTO torture (_name, monster_id, creator_id, handler_id) VALUES ('Бесконечное наполнение бездонной бочки', 12, 7, 7);
INSERT INTO torture (_name, monster_id, creator_id, handler_id) VALUES ('Разрыв внутренних органов', 14, 5, 6);
INSERT INTO torture (_name, monster_id, creator_id, handler_id) VALUES ('Башмаки с шипом', 9, 5, 4);
INSERT INTO torture (_name, monster_id, creator_id, handler_id) VALUES ('Вилка еретика', 10, 7, 7);
INSERT INTO torture (_name, monster_id, creator_id, handler_id) VALUES ('Кресло для ведьминого купания', 12, 7, 8);
INSERT INTO torture (_name, monster_id, creator_id, handler_id) VALUES ('Испанский сапог', 13, 6, 5);
INSERT INTO torture (_name, monster_id, creator_id, handler_id) VALUES ('Пытка водой', 10, 7, 5);
INSERT INTO torture (_name, monster_id, creator_id, handler_id) VALUES ('Кошачий коготь', 11, 8, 6);
INSERT INTO torture (_name, monster_id, creator_id, handler_id) VALUES ('Дыба', 12, 7, 5);
INSERT INTO torture (_name, monster_id, creator_id, handler_id) VALUES ('Четвертование лошадьми', 10, 4, 6);
INSERT INTO torture (_name, monster_id, creator_id, handler_id) VALUES ('Груша', 10, 3, 7);
INSERT INTO torture (_name, monster_id, creator_id, handler_id) VALUES ('Очищение души', 11, 4, 4);
INSERT INTO torture (_name, monster_id, creator_id, handler_id) VALUES ('Пресс для черепа', 14, 5, 5);
INSERT INTO torture (_name, monster_id, creator_id, handler_id) VALUES ('Колыбель Иуды', 9, 5, 8);
INSERT INTO torture (_name, monster_id, creator_id, handler_id) VALUES ('Железная дева', 11, 6, 5);
INSERT INTO torture (_name, monster_id, creator_id, handler_id) VALUES ('Кол', 10, 6, 3);
INSERT INTO torture (_name, monster_id, creator_id, handler_id) VALUES ('Пила', 14, 5, 5);
INSERT INTO work (_name, location_id, creator_id) VALUES ('Шут', 8, 8);
INSERT INTO work (_name, location_id, creator_id) VALUES ('Лекарь', 8, 7);
INSERT INTO work (_name, location_id, creator_id) VALUES ('Добытчик серебра', 8, 8);
INSERT INTO work (_name, location_id, creator_id) VALUES ('Стеркорариус', 15, 7);
INSERT INTO work (_name, location_id, creator_id) VALUES ('Переносчик людей', 8, 8);
INSERT INTO work (_name, location_id, creator_id) VALUES ('Гимназиарх', 12, 5);
INSERT INTO work (_name, location_id, creator_id) VALUES ('Создатель табличек с проклятьями', 14, 3);
INSERT INTO work (_name, location_id, creator_id) VALUES ('Похоронный клоун', 9, 6);
INSERT INTO work (_name, location_id, creator_id) VALUES ('Пращик', 6, 6);
INSERT INTO work (_name, location_id, creator_id) VALUES ('Водный органист', 8, 8);
INSERT INTO work (_name, location_id, creator_id) VALUES ('Летописец', 11, 3);
INSERT INTO work (_name, location_id, creator_id) VALUES ('Бард', 12, 7);
INSERT INTO sin_type (_name, _weight, creator_id, handler_id, torture_id) VALUES ('Убийство', 0.5192358320, 7, 4, 4);
INSERT INTO sin_type (_name, _weight, creator_id, handler_id, torture_id) VALUES ('Воровство', 0.9633159718, 6, 5, 15);
INSERT INTO sin_type (_name, _weight, creator_id, handler_id, torture_id) VALUES ('Военное преступление', 0.9265241176, 5, 7, 15);
INSERT INTO sin_type (_name, _weight, creator_id, handler_id, torture_id) VALUES ('Профессиональное преступление', 0.2620401924, 5, 6, 15);
INSERT INTO sin_type (_name, _weight, creator_id, handler_id, torture_id) VALUES ('Рецидивистское преступление', 0.9550573913, 6, 7, 2);
INSERT INTO sin_type (_name, _weight, creator_id, handler_id, torture_id) VALUES ('Вымогательство', 0.7489848732, 6, 7, 6);
INSERT INTO sin_type (_name, _weight, creator_id, handler_id, torture_id) VALUES ('Хулиганство', 0.3960637532, 4, 5, 3);
INSERT INTO sin_type (_name, _weight, creator_id, handler_id, torture_id) VALUES ('Доведение до самоубийства', 0.4528375002, 5, 4, 8);
INSERT INTO sin_type (_name, _weight, creator_id, handler_id, torture_id) VALUES ('Похищение человека', 0.6122059851, 4, 7, 13);
INSERT INTO sin_type (_name, _weight, creator_id, handler_id, torture_id) VALUES ('Террористический акт', 0.6663323951, 3, 6, 2);
INSERT INTO sin_type (_name, _weight, creator_id, handler_id, torture_id) VALUES ('жестокое обращение с животными', 0.3284606937, 4, 7, 5);
INSERT INTO sin_type (_name, _weight, creator_id, handler_id, torture_id) VALUES ('Клевета', 0.3067404962, 7, 4, 15);
INSERT INTO sin_type (_name, _weight, creator_id, handler_id, torture_id) VALUES ('Побои', 0.2194454278, 3, 5, 14);
INSERT INTO sin_type (_name, _weight, creator_id, handler_id, torture_id) VALUES ('Причинение тяжкого вреда здоровью', 0.1685101088, 7, 4, 10);
INSERT INTO _status (_name) VALUES ('Не обработано');
INSERT INTO _status (_name) VALUES ('Одобрено');
INSERT INTO _status (_name) VALUES ('Отказано');
select * from _user;
UPDATE _user SET is_active=true WHERE (person_id=5);
select * from _user;
UPDATE _user SET is_active=true WHERE (person_id=6);
select * from _user;
UPDATE _user SET is_active=true WHERE (person_id=1);
select * from _user;
INSERT INTO person (_name) VALUES ('Иван Иванович Иванов');
INSERT INTO soul (person_id, birth_date, date_of_death, is_working, is_distributed) VALUES (16, '1922-09-24', '1973-03-07', false, false);
INSERT INTO person (_name) VALUES ('Иван Дмитриевич Иванов');
INSERT INTO soul (person_id, birth_date, date_of_death, is_working, is_distributed) VALUES (17, '1915-04-18', '1974-04-04', false, false);
INSERT INTO person (_name) VALUES ('Иван Николаевич Иванов');
INSERT INTO soul (person_id, birth_date, date_of_death, is_working, is_distributed) VALUES (18, '1909-11-08', '1987-12-24', false, false);
select * from soul;
INSERT INTO work_list(soul_id, work_id) VALUES(16, 5);
select * from soul;
UPDATE work_list SET soul_id=17 WHERE work_id=5;
select * from soul;
DELETE FROM work_list WHERE work_id=5;
select * from soul;
UPDATE soul SET torture_id=5 WHERE soul.person_id=18;
select * from soul;
INSERT INTO _event (_text, soul_id, _date) VALUES ('Убил консьержку с особой жестокостью', 16, '1972-11-02');
INSERT INTO _event (_text, soul_id, _date) VALUES ('Съел чужие пряники', 16, '1972-11-02');
INSERT INTO _event (_text, soul_id, _date) VALUES ('Убил консьержку с особой жестокостью2', 16, '1910-11-02');
INSERT INTO sin_type_distribution_list (event_id, sin_type_id) VALUES (5, 1);
INSERT INTO sin_type_distribution_list (event_id, sin_type_id) VALUES (5, 2);
INSERT INTO sin_type_distribution_list (event_id, sin_type_id) VALUES (5, 3);
INSERT INTO sin_type_distribution_list (event_id, sin_type_id) VALUES (8, 2);
INSERT INTO sin_type_distribution_list (event_id, sin_type_id) VALUES (8, 3);
UPDATE _event SET status_id=1 WHERE id=8;
select * from sin_type_distribution_list;
UPDATE sin_type_distribution_list SET event_id=8 WHERE event_id=5;
select * from sin_type_distribution_list;
select * from _event;
DELETE FROM sin_type_distribution_list WHERE sin_type_id=1;
select * from sin_type_distribution_list;
select * from _event;
DELETE FROM sin_type_distribution_list WHERE sin_type_id=2;
select * from sin_type_distribution_list;
select * from _event;
DELETE FROM sin_type_distribution_list WHERE sin_type_id=3;
select * from sin_type_distribution_list;
select * from _event;


