INSERT INTO _status (_name) VALUES ('Не обработано');
INSERT INTO _status (_name) VALUES ('Одобрено');
INSERT INTO _status (_name) VALUES ('Отказано');
INSERT INTO person (_name) VALUES ('DELETED');
INSERT INTO _user (person_id) VALUES (1);
INSERT INTO person (_name) VALUES ('AUTO');
INSERT INTO _user (person_id) VALUES (2);
INSERT INTO person (_name) VALUES ('UNAUTHORIZED');
INSERT INTO _user (person_id) VALUES (3);
INSERT INTO person (_name) VALUES ('NON-HANDLED');
INSERT INTO _user (person_id) VALUES (4);
INSERT INTO person (_name) VALUES ('Аид');
INSERT INTO _user (person_id) VALUES (5);
INSERT INTO person (_name) VALUES ('Персефона');
INSERT INTO _user (person_id) VALUES (6);
INSERT INTO person (_name) VALUES ('Эак');
INSERT INTO _user (person_id) VALUES (7);
INSERT INTO person (_name) VALUES ('Радамант');
INSERT INTO _user (person_id) VALUES (8);
INSERT INTO person (_name) VALUES ('Минос');
INSERT INTO _user (person_id) VALUES (9);
INSERT INTO _level (_name) VALUES ('Тартар');
INSERT INTO _level (_name) VALUES ('Асфоделевый луг');
INSERT INTO _level (_name) VALUES ('Элизиум');
INSERT INTO _location (_name, level_id) VALUES ('Река страданий', 1);
INSERT INTO _location (_name, level_id) VALUES ('Лес ужаса', 1);
INSERT INTO _location (_name, level_id) VALUES ('Озеро страха', 1);
INSERT INTO _location (_name, level_id) VALUES ('Пещера мучений', 1);
INSERT INTO _location (_name, level_id) VALUES ('Море пыток', 1);
INSERT INTO _location (_name, level_id) VALUES ('Поле сомнений', 2);
INSERT INTO _location (_name, level_id) VALUES ('Река печали', 2);
INSERT INTO _location (_name, level_id) VALUES ('Лес разочарований', 2);
INSERT INTO _location (_name, level_id) VALUES ('Степь тоски', 2);
INSERT INTO _location (_name, level_id) VALUES ('Болото горечи', 2);
INSERT INTO _location (_name, level_id) VALUES ('Лес сказок', 3);
INSERT INTO _location (_name, level_id) VALUES ('Поле чудес', 3);
INSERT INTO _location (_name, level_id) VALUES ('Море радости', 3);
INSERT INTO _location (_name, level_id) VALUES ('Озеро спокойствия', 3);
INSERT INTO _location (_name, level_id) VALUES ('Дорога добра', 3);
INSERT INTO person (_name) VALUES ('Алекто');
INSERT INTO monster (person_id, location_id, motherland_id) VALUES (10, 3, 4);
INSERT INTO person (_name) VALUES ('Мегера');
INSERT INTO monster (person_id, location_id, motherland_id) VALUES (11, 2, 4);
INSERT INTO person (_name) VALUES ('Тисифона');
INSERT INTO monster (person_id, location_id, motherland_id) VALUES (12, 4, 2);
INSERT INTO person (_name) VALUES ('Лернейская Гидра');
INSERT INTO monster (person_id, location_id, motherland_id) VALUES (13, 2, 2);
INSERT INTO person (_name) VALUES ('Ехидна');
INSERT INTO monster (person_id, location_id, motherland_id) VALUES (14, 3, 5);
INSERT INTO person (_name) VALUES ('Герион');
INSERT INTO monster (person_id, location_id, motherland_id) VALUES (15, 2, 5);
INSERT INTO person (_name) VALUES ('Пифон');
INSERT INTO monster (person_id, location_id, motherland_id) VALUES (16, 3, 3);
INSERT INTO torture (_name, monster_id) VALUES ('Бесконечное наполнение бездонной бочки', 11);
INSERT INTO torture (_name, monster_id) VALUES ('Разрыв внутренних органов', 14);
INSERT INTO torture (_name, monster_id) VALUES ('Башмаки с шипом', 13);
INSERT INTO torture (_name, monster_id) VALUES ('Вилка еретика', 13);
INSERT INTO torture (_name, monster_id) VALUES ('Кресло для ведьминого купания', 13);
INSERT INTO torture (_name, monster_id) VALUES ('Испанский сапог', 16);
INSERT INTO torture (_name, monster_id) VALUES ('Пытка водой', 11);
INSERT INTO torture (_name, monster_id) VALUES ('Кошачий коготь', 13);
INSERT INTO torture (_name, monster_id) VALUES ('Дыба', 12);
INSERT INTO torture (_name, monster_id) VALUES ('Четвертование лошадьми', 10);
INSERT INTO torture (_name, monster_id) VALUES ('Груша', 10);
INSERT INTO torture (_name, monster_id) VALUES ('Очищение души', 14);
INSERT INTO torture (_name, monster_id) VALUES ('Пресс для черепа', 12);
INSERT INTO torture (_name, monster_id) VALUES ('Колыбель Иуды', 12);
INSERT INTO torture (_name, monster_id) VALUES ('Железная дева', 11);
INSERT INTO torture (_name, monster_id) VALUES ('Кол', 14);
INSERT INTO torture (_name, monster_id) VALUES ('Пила', 15);
INSERT INTO torture (_name) VALUES ('Пытка без монстра');
INSERT INTO work (_name, location_id) VALUES ('Шут', 12);
INSERT INTO work (_name, location_id) VALUES ('Лекарь', 9);
INSERT INTO work (_name, location_id) VALUES ('Добытчик серебра', 13);
INSERT INTO work (_name, location_id) VALUES ('Стеркорариус', 13);
INSERT INTO work (_name, location_id) VALUES ('Переносчик людей', 15);
INSERT INTO work (_name, location_id) VALUES ('Гимназиарх', 10);
INSERT INTO work (_name, location_id) VALUES ('Создатель табличек с проклятьями', 10);
INSERT INTO work (_name, location_id) VALUES ('Похоронный клоун', 7);
INSERT INTO work (_name, location_id) VALUES ('Пращик', 14);
INSERT INTO work (_name, location_id) VALUES ('Водный органист', 14);
INSERT INTO work (_name, location_id) VALUES ('Летописец', 11);
INSERT INTO work (_name, location_id) VALUES ('Бард', 6);
INSERT INTO sin_type (_name, _weight, torture_id) VALUES ('Убийство', 0.7955344506, 14);
INSERT INTO sin_type (_name, _weight, torture_id) VALUES ('Воровство', 0.8747253349, 2);
INSERT INTO sin_type (_name, _weight, torture_id) VALUES ('Военное преступление', 0.8896865152, 16);
INSERT INTO sin_type (_name, _weight, torture_id) VALUES ('Профессиональное преступление', 0.8137531850, 14);
INSERT INTO sin_type (_name, _weight, torture_id) VALUES ('Рецидивистское преступление', 0.0230127311, 2);
INSERT INTO sin_type (_name, _weight, torture_id) VALUES ('Вымогательство', 0.8767219989, 16);
INSERT INTO sin_type (_name, _weight, torture_id) VALUES ('Хулиганство', 0.8382297530, 3);
INSERT INTO sin_type (_name, _weight, torture_id) VALUES ('Доведение до самоубийства', 0.9772556532, 5);
INSERT INTO sin_type (_name, _weight, torture_id) VALUES ('Похищение человека', 0.5937901101, 9);
INSERT INTO sin_type (_name, _weight, torture_id) VALUES ('Террористический акт', 0.1345444220, 3);
INSERT INTO sin_type (_name, _weight, torture_id) VALUES ('жестокое обращение с животными', 0.5347938550, 15);
INSERT INTO sin_type (_name, _weight, torture_id) VALUES ('Клевета', 0.6116210701, 14);
INSERT INTO sin_type (_name, _weight, torture_id) VALUES ('Побои', 0.1589807045, 5);
INSERT INTO sin_type (_name, _weight, torture_id) VALUES ('Причинение тяжкого вреда здоровью', 0.9506706540, 9);

select * from _user;
UPDATE _user SET is_active=true WHERE (person_id=5);
select * from _user;
UPDATE _user SET is_active=true WHERE (person_id=7);
select * from _user;
UPDATE _user SET is_active=true WHERE (person_id=1);
select * from _user;
INSERT INTO person (_name) VALUES ('Иван Иванович Иванов');
INSERT INTO soul (person_id, birth_date, date_of_death, is_working, is_distributed) VALUES (17, '1922-09-24', '1973-03-07', false, false);
INSERT INTO person (_name) VALUES ('Иван Дмитриевич Иванов');
INSERT INTO soul (person_id, birth_date, date_of_death, is_working, is_distributed) VALUES (18, '1915-04-18', '1974-04-04', false, false);
INSERT INTO person (_name) VALUES ('Иван Николаевич Иванов');
INSERT INTO soul (person_id, birth_date, date_of_death, is_working, is_distributed) VALUES (19, '1909-11-08', '1987-12-24', false, false);
INSERT INTO person (_name) VALUES ('Иван Борисович Шигалев');
INSERT INTO soul (person_id, birth_date, date_of_death, is_working, is_distributed, torture_id) VALUES (20, '1910-02-27', '2011-10-05', false, true, 18);
INSERT INTO person (_name) VALUES ('Иван Григорьевич Шигалев');
INSERT INTO soul (person_id, birth_date, date_of_death, is_working, is_distributed, torture_id) VALUES (22, '1910-02-27', '2011-10-05', false, true, 2);

INSERT INTO person (_name) VALUES ('Иван Всеволодович Шигалев');
INSERT INTO soul (person_id, birth_date, date_of_death, is_working, is_distributed, torture_id) VALUES (22, '1910-02-27', '2011-10-05', false, true, 2);
INSERT INTO person (_name) VALUES ('Иван Владиславович Шигалев');
INSERT INTO soul (person_id, birth_date, date_of_death, is_working, is_distributed) VALUES (23, '1910-02-27', '2011-10-05', false, false);


select * from soul;
INSERT INTO work_list(soul_id, work_id) VALUES(17, 5);
select * from soul;
UPDATE work_list SET soul_id=18 WHERE work_id=5;
select * from soul;
DELETE FROM work_list WHERE work_id=5;
select * from soul;
UPDATE soul SET torture_id=5 WHERE soul.person_id=19;
select * from soul;
INSERT INTO _event (_text, soul_id, _date) VALUES ('Убил консьержку с особой жестокостью', 17, '1972-11-02');
INSERT INTO _event (_text, soul_id, _date) VALUES ('Съел чужие пряники', 17, '1972-11-02');
INSERT INTO _event (_text, soul_id, _date) VALUES ('Убил консьержку с особой жестокостью2', 17, '1910-11-02');
INSERT INTO sin_type_distribution_list (event_id, sin_type_id) VALUES (1, 8);
INSERT INTO sin_type_distribution_list (event_id, sin_type_id) VALUES (4, 14);
INSERT INTO sin_type_distribution_list (event_id, sin_type_id) VALUES (5, 9);



INSERT INTO sin_type_distribution_list (event_id, sin_type_id) VALUES (2, 2);
INSERT INTO sin_type_distribution_list (event_id, sin_type_id) VALUES (2, 3);
select * from sin_type_distribution_list;
UPDATE _event SET status_id=1 WHERE id=2;
select * from sin_type_distribution_list;
UPDATE sin_type_distribution_list SET event_id=2 WHERE event_id=1;
select * from sin_type_distribution_list;
select * from _event;
DELETE FROM sin_type_distribution_list WHERE sin_type_id=1;
select * from sin_type_distribution_list;
select * from _event;
DELETE FROM sin_type_distribution_list WHERE sin_type_id=2;
select * from sin_type_distribution_list;
select * from _event;
DELETE FROM sin_type_distribution_list WHERE sin_type_id=3;
select * from sin_type_distribution_list;
select * from _event;
INSERT INTO sin_type (_name, _weight) VALUES ('Причинение тяжкого вреда здоровью2', 0.1685101088);
UPDATE sin_type SET torture_id=1 WHERE id=1;
DELETE FROM _user WHERE person_id=3;
UPDATE soul SET torture_id=14 WHERE person_id=19;
UPDATE _event SET status_id=1 WHERE _event.id=1;
UPDATE sin_type SET torture_id=1 WHERE id=1;
DELETE FROM soul WHERE person_id=23;
DELETE FROM torture WHERE id=14;
DELETE FROM monster WHERE person_id=14;

INSERT INTO person (_name) VALUES ('Иван Геннадьевич Шигалев3');
INSERT INTO soul (person_id, birth_date, date_of_death, is_working, is_distributed, torture_id) VALUES (25, '1900-02-27', '2020-10-05', false, true, 16);
INSERT INTO complaint (title, body, soul_id, status_id) VALUES ('Большая просьба', 'Я очень устал, дайте мне работу вместо пытки', 17, 1);
UPDATE complaint SET status_id=2 WHERE id=1;

UPDATE sin_type SET torture_id=NULL WHERE id=8;
